{
    "loss": 0.34689098596572876,
    "accuracy": 0.8770661354064941
}