{
    "loss": 0.38616204261779785,
    "accuracy": 0.8708677887916565
}